ad_category,budget,clicks,impressions,conversion_rate
Food,728.3455426177707,50,207,0.023807159415017924
Books,582.4867297097084,47,210,0.042989606864130364
Electronics,378.57485465769497,52,183,0.04360178449286486
Food,832.4155177362538,52,202,0.023626939954247656
Food,716.2580552984914,57,197,0.08186081545460716
Books,246.35524541040218,67,223,0.0736505495501881
Electronics,919.8344660444582,43,216,0.027134360766733128
Electronics,840.2835186308521,53,200,0.04300497177344192
Food,954.8199219627317,47,203,0.01952245223708628
Clothing,753.147557549524,50,163,0.06653859373837397
Food,652.0736763422109,45,240,0.02092347320937577
Food,476.418732661557,57,210,0.09873407517624261
Food,939.4556350186119,46,207,0.08026138672190762
Food,879.4575005503675,55,231,0.04512146946255956
Books,140.69680309557046,48,213,0.062070753905141905
Electronics,123.7302770475268,42,204,0.0920207634594768
Books,438.8170301902446,43,208,0.05986893523562436
Books,829.4979977036496,54,228,0.02570486377581597
Books,988.54851638345,51,205,0.04408330200230434
Food,235.37520199317535,69,192,0.08588303785267709
Clothing,634.7176438169216,57,197,0.06797917143906562
Electronics,442.80177096791937,66,185,0.06856519459004204
Clothing,972.9229580331429,44,211,0.08801393371196403
Books,857.9070308221378,52,176,0.09045757517162543
Books,854.495834240024,47,178,0.09278133146014927
Clothing,521.8238438154733,56,207,0.01853642739278405
Clothing,473.33755210389864,57,184,0.058971340176679085
Clothing,346.06636473763564,53,188,0.07664585690964867
Books,150.7379469858344,53,225,0.07812341606143125
Books,878.2501386295479,52,168,0.06460445817730036
Electronics,831.6109082170698,55,203,0.025010860166530677
Electronics,999.7459059575175,44,192,0.0817678498547498
Books,996.9731533665148,52,204,0.07481002001634512
Clothing,599.8885350423647,44,190,0.017752219439413266
Clothing,792.0886736624594,52,190,0.05174288422069387
Electronics,950.2891568941852,54,195,0.025657965956962323
Books,864.6826516096703,48,168,0.04037293411416747
Electronics,322.6132915688779,41,216,0.011627298298511689
Electronics,505.48972177908416,55,188,0.04602968815696824
Food,216.24347363634547,45,178,0.059488922904058945
Food,958.6459245328501,43,193,0.06576243335443782
Food,645.557171005792,44,176,0.06971413106158392
Clothing,305.77852495311646,37,211,0.0852662181792214
Books,704.5306159652711,37,200,0.029391661654815705
Books,656.3154164121063,44,193,0.020843364019462116
Books,422.3464462295565,60,201,0.08663834547081332
Books,202.2018329796661,51,203,0.02409515334033849
Food,704.4158760335197,46,211,0.09772840732025759
Clothing,568.276930813414,51,183,0.08582844064587734
Clothing,795.0865525620754,49,194,0.05507889453006393
Food,568.147151000794,51,207,0.09832792824298228
Clothing,866.9633502866861,42,208,0.01876390561972038
Food,596.716154897037,43,206,0.03727591850575915
Books,604.8441743818477,39,220,0.06744019735365504
Food,888.9882423925105,56,191,0.04150061816258609
Books,463.1345795911573,53,196,0.09355352967827127
Books,220.61370560557665,63,207,0.01590634793600358
Electronics,125.90440868200507,48,207,0.05944706488548682
Food,779.6235301062571,51,196,0.06317796406556031
Electronics,658.2785962181182,50,210,0.06874553113995018
Food,733.6717912893013,38,207,0.0330099600998633
Food,291.66774535801966,41,207,0.0428109784767878
Electronics,222.7343280280928,56,218,0.085931247669848
Electronics,113.09019910109373,45,199,0.027544849207314388
Food,415.52880292593727,51,196,0.08441810624560259
Clothing,630.9259181691698,48,193,0.060638988061246825
Books,453.0196405897591,52,217,0.0785968760074674
Electronics,493.72742982135617,62,227,0.07422466296371244
Books,913.7428250443736,40,215,0.028676034584639114
Clothing,413.4299203209703,47,212,0.061193146279048566
Clothing,562.5905402438298,59,215,0.08809508375245832
Clothing,805.2877114670288,57,191,0.048890461312173644
Electronics,456.88850408914317,38,212,0.09699316932009852
Clothing,659.8780302050861,42,218,0.05069935900915463
Electronics,876.1273378720707,47,207,0.022850707300109623
Clothing,954.5685612918779,53,193,0.045049121206990596
Books,232.36613283613414,41,204,0.09565321657514836
Books,933.9288626453449,62,208,0.038774876440586886
Food,542.9046637715844,52,197,0.08812883438803566
Books,332.4199494690625,42,212,0.0893125613513701
Food,513.2221806144352,48,208,0.0415167871898765
Books,982.0293177569293,47,205,0.017493189224556893
Electronics,543.3562845935826,46,187,0.07521021182429365
Books,395.8764492587574,49,182,0.03803610691125875
Food,670.0607688850532,53,217,0.08046312528318153
Food,316.1310569003738,52,210,0.049838936343438986
Clothing,168.27699529779753,42,199,0.05367400681083594
Electronics,215.9917497195843,56,193,0.08001184660736832
Books,215.2412550619952,41,189,0.04441269979554652
Clothing,236.71242416106492,46,205,0.049881461079062314
Books,224.9444553844691,54,202,0.043857142189266
Books,676.7872703228932,57,191,0.0430606463749552
Clothing,263.69207595923035,46,240,0.05733519192113135
Clothing,411.1005549914769,50,220,0.08279195000510357
Clothing,907.1095689154106,41,203,0.042559148073030934
Clothing,526.5654762365851,49,174,0.05718292484839631
Clothing,700.8019646689245,47,204,0.07036545928983408
Books,255.08788408146685,58,224,0.03424955016732895
Clothing,273.0601169278037,56,183,0.03497705244121534
Electronics,136.78175463983098,48,191,0.09400718143211094
Food,252.0415567649481,56,208,0.07511811159979798
Clothing,350.73130512876276,51,213,0.06194680086009781
Clothing,259.30943584907214,68,207,0.06829480489785508
Books,179.83228038135005,40,191,0.012636949879307654
Clothing,208.57228399054074,49,190,0.06562926690055272
Clothing,514.7008912294532,39,207,0.055855798590178175
Clothing,285.70034656521324,41,204,0.05911747118014921
Books,427.84287494326793,55,210,0.04234814441477354
Clothing,553.0755437693712,47,207,0.01733265079416477
Food,721.3553457664287,49,193,0.0274005310250847
Books,135.38092585698905,56,178,0.09556702418914047
Food,819.4693590181383,54,224,0.04678296060438406
Books,665.110350541817,45,179,0.05200148402477778
Clothing,173.5831287539847,49,210,0.01474388108680951
Food,886.2207616960995,53,180,0.013380960658958253
Books,928.7851604786318,53,209,0.0745463302342082
Electronics,154.9701638693774,36,189,0.05842851977090002
Clothing,349.18988333248336,41,202,0.055783538579464005
Books,825.5811518137552,50,235,0.031881207738040186
Electronics,773.4337213452925,32,201,0.07702756584669301
Books,266.0689174207396,55,202,0.02514129211976427
Electronics,288.41439100303927,37,204,0.027094126929491806
Clothing,433.4248925122438,47,189,0.051464095421344794
Food,536.0706866719192,47,192,0.03576518759007469
Electronics,656.4292943772664,53,198,0.03227166831098317
Books,432.02227561279517,42,203,0.06807138800979985
Clothing,516.2812445198331,53,193,0.06858745706966901
Electronics,772.7238443203809,45,196,0.08420653628199364
Books,133.01488260153812,46,208,0.04759377102756783
Books,327.19324990961866,53,182,0.016577658192353524
Books,742.0146272960972,43,181,0.034629974642931195
Electronics,905.6861539184794,52,208,0.09820049168771354
Electronics,560.5096979040995,53,211,0.06366327177094319
Electronics,578.9021367387841,57,200,0.07387633763209184
Food,196.45481020579845,52,205,0.010662204666287308
Electronics,502.6711301411092,57,198,0.056638515896426884
Electronics,579.3555398095208,41,217,0.013377579177862281
Electronics,318.2234532712567,63,179,0.06123071908823032
Food,342.31890785444284,47,203,0.09286937646724679
Electronics,439.55574679416037,49,177,0.09715772174503672
Books,118.06407799995372,65,179,0.05864974078500318
Electronics,389.87124902486045,40,202,0.05123843247269944
Books,290.3032062968902,60,206,0.09505153848236447
Books,394.7476169601232,45,208,0.07062488487970257
Books,207.7859186373261,62,192,0.015840935158456852
Food,901.4745526659054,56,221,0.05191530199007478
Food,634.2332081986438,58,203,0.03162205166178735
Food,711.1920872300407,56,194,0.05228238893038135
Electronics,810.2541147466045,42,199,0.05099190148057256
Books,548.5979790361515,33,208,0.062393032253326784
Food,178.22825927868132,41,194,0.042109344131432615
Food,583.395887636693,57,209,0.02478434045103353
Electronics,628.1570062187913,50,207,0.05533474911309607
Food,770.895526765897,55,211,0.08471825959111859
Electronics,488.49359160671145,52,196,0.06976110052608421
Clothing,214.8222725160074,46,189,0.04045310793326943
Food,355.398315218852,54,203,0.09419707204829716
Clothing,426.7740667587716,53,195,0.0920986814124264
Electronics,681.325517198441,42,193,0.02884135594456889
Books,613.7004742020207,39,184,0.013547582660832669
Food,420.4870533080616,57,194,0.07671778375156861
Electronics,987.8637239136817,51,180,0.08448492352142381
Books,645.1973374211984,52,196,0.09710781093562199
Books,313.50411256239505,47,207,0.09008527546794798
Clothing,191.60422535836338,51,206,0.06404812913857734
Electronics,237.57322526589883,56,206,0.05770471052911428
Books,321.36195554605735,55,183,0.012505694613632767
Food,244.6132359336001,67,204,0.032199080216030004
Food,267.9103216461752,46,196,0.05136532765596338
Clothing,356.5856518244624,46,181,0.06656535100752112
Books,256.03623576527934,49,184,0.060152664998656964
Electronics,907.0888821637826,60,187,0.07683723907135216
Food,172.210371095478,48,202,0.03517902377983368
Books,572.0602506132292,54,219,0.0608457346887226
Books,469.3571442906954,52,193,0.017932801905171294
Clothing,984.1407552177458,57,202,0.04722989712248863
Food,200.8350119512471,52,203,0.0775144749659141
Food,458.07003914116746,53,196,0.07240607680861397
Electronics,972.523389947832,52,183,0.09915784634549613
Food,878.9564133045823,51,197,0.035010201338898046
Electronics,835.3648638543519,54,176,0.054837036925658125
Food,332.1125443404458,45,211,0.03965773723965971
Clothing,253.79882865105924,50,215,0.04965428026532573
Food,701.7788979319879,35,199,0.08712551168824494
Electronics,936.4383902148272,56,215,0.0715788167669638
Electronics,601.0866037125368,56,181,0.08941970722128237
Clothing,614.4514205229099,49,245,0.028315999749869782
Food,351.98118429425574,46,209,0.08860250060572943
Food,792.5436398727433,38,196,0.015378604676054598
Clothing,268.339373701771,52,203,0.08997393523934373
Food,391.31131276381933,53,207,0.039616640151465515
Food,482.8927947547751,53,177,0.03831288700726599
Electronics,556.8493408160095,40,191,0.05608797190287976
Food,318.1687591735722,58,197,0.09466211689509087
Food,203.35314226528317,51,195,0.014300322821326483
Clothing,649.5580381974694,43,204,0.04170078775636708
Clothing,359.7674979162302,46,195,0.08709147898150023
Books,623.114399280351,45,198,0.04564490296919201
Electronics,238.92644374678207,46,215,0.027924120783736035
Food,533.0260916693358,45,204,0.04823147631982706
Food,579.3304892964272,59,213,0.04469972513425024
Books,146.6411831401842,43,215,0.09238745813200332
Food,402.9438503745285,49,213,0.07857409381687874
Electronics,220.97320924507682,41,196,0.05546040001696058
Books,157.03747342549096,55,202,0.0989533510049414
Electronics,990.9642091509508,49,188,0.0518749778148331
Books,390.11846047725066,56,203,0.015241404773824772
Books,828.8870012691714,52,171,0.033604688963348645
Clothing,329.17658928738746,55,212,0.04924634321973814
Electronics,713.3524500015363,67,188,0.02412123617315081
Food,784.2050739007179,35,176,0.09528086136916387
Food,636.0748665470599,45,184,0.07901640080359959
Electronics,524.4185696951425,61,186,0.03414584803849954
Food,470.6568227325417,45,168,0.06317240801661243
Food,413.9814398886958,49,200,0.07493042413986149
Electronics,936.5762298230433,36,195,0.09471510360161182
Books,847.5574670089562,30,183,0.08934718142578697
Electronics,968.5242195998613,61,172,0.05636730035243924
Books,211.86750113699026,51,203,0.07971873578137159
Food,757.7807276832798,47,219,0.06059302784448266
Food,944.506411138934,64,236,0.05974335010409861
Food,263.1097595490941,48,178,0.020326776250437273
Clothing,159.84664063009976,45,185,0.021352389221453688
Books,767.0085843610532,43,206,0.05765802535202118
Clothing,617.0258018619207,49,230,0.0341975390481106
Clothing,857.6458990824449,52,191,0.011893321221442177
Electronics,225.79513896366055,40,184,0.07505552835101911
Clothing,815.7405806739011,44,181,0.012923793702114847
Electronics,281.4645880429701,58,189,0.06357491569936491
Electronics,247.29034857913405,50,231,0.0585274414714583
Clothing,247.83921813789365,59,195,0.09719332215200241
Books,833.117248208244,37,175,0.053579182541287754
Books,698.6774986265801,51,207,0.015724129274001762
Books,570.7588822922074,49,196,0.05965191710258156
Books,422.94743571115225,58,196,0.08569865535544914
Books,889.4804867317974,49,193,0.09971643558532961
Clothing,453.20059668037186,53,204,0.04873088563201653
Clothing,834.9394955244194,36,192,0.03882688682470683
Food,495.22141771319656,57,188,0.09159879672567992
Books,439.24998648241683,43,185,0.027211791616850927
Clothing,516.4118071026458,42,207,0.0653886023529634
Food,371.24008674772784,56,199,0.0465142981762853
Books,772.848442158626,44,174,0.013697412845999976
Electronics,552.4483510832313,49,194,0.041255962687512804
Food,308.9914256321356,51,219,0.033870567025240716
Clothing,909.6171159471116,39,188,0.07174820385491383
Electronics,445.5020992358903,57,196,0.09539114479227265
Electronics,589.1975750025897,43,185,0.034124246864077404
Electronics,915.8248998680923,45,193,0.08303193452365136
Food,661.8141963225929,52,197,0.014982383524456858
Clothing,205.20823663752768,57,216,0.058430890903583194
Electronics,945.8489112521277,62,218,0.016349505733890515
Books,664.9372477642761,42,208,0.09406296920175755
Electronics,401.4150531913775,57,196,0.07897161525016513
Electronics,225.34486539704852,41,196,0.06921549200841332
Food,814.6226703432663,43,207,0.0841506743462198
Food,658.0654803356622,53,182,0.06827678160131469
Clothing,580.1149827786894,49,187,0.09720499574568621
Books,904.5033247458618,57,207,0.07425621530782944
Food,809.7374901020777,70,197,0.09321927486240222
Electronics,236.50739175947606,53,204,0.056541870280957425
Clothing,380.54986101599343,60,184,0.02053579716836764
Electronics,323.64022583301914,42,202,0.05753599492807154
Electronics,769.5516633154093,51,187,0.0214185545256784
Food,130.17919126220144,38,212,0.06332441312587646
Clothing,612.9007163841849,43,190,0.05342437544748967
Books,786.2128171666214,57,203,0.06603178580495037
Books,889.0890730855745,54,210,0.010904228294934844
Food,407.8735738443167,49,199,0.02753564424898277
Food,839.1315742048116,49,190,0.054219738872091784
Clothing,199.5685632596865,50,204,0.09554532054302214
Books,861.8070625610663,46,191,0.04452481363196426
Books,214.73979609878418,55,200,0.04819348234482713
Books,457.55856150433056,39,210,0.074322648010596
Electronics,817.5658292015983,41,203,0.06434134815575063
Books,234.9256846138964,49,185,0.03690335350885
Electronics,306.32625570937734,53,177,0.0469734756010685
Clothing,750.0273115537597,47,202,0.029592981897150924
Electronics,748.0328828914669,53,201,0.09694193132171879
Clothing,677.0328695967676,54,186,0.02175709434016238
Books,724.55360002039,54,218,0.043465310610977755
Books,588.4519990128366,44,220,0.012325507499801007
Clothing,326.6191530162575,45,214,0.029960154274019178
Food,411.1263941535275,54,203,0.08024240245421395
Clothing,263.4379451212831,46,190,0.028105770905999153
Food,917.6055052002655,59,189,0.017205706227606907
Electronics,625.0526152895084,56,202,0.0527007861860071
Electronics,460.7662750872759,45,197,0.010897231126106665
Electronics,515.8052232797194,54,176,0.017628953898369985
Books,952.5550056506338,40,185,0.08268632826066777
Electronics,238.01626280447218,49,187,0.07943260103736459
Food,627.6068488151175,51,196,0.09236249383644066
Electronics,555.2998109960193,48,207,0.08690638923196746
Clothing,650.308811891183,45,227,0.07148580069158364
Clothing,116.29916543875646,55,198,0.014709957157059656
Books,884.9115180497363,58,207,0.08045637561879919
Clothing,938.9064542352512,59,209,0.08609597297565046
Food,608.619865230288,54,219,0.0819173931194759
Electronics,726.9857414892031,39,188,0.055763113177722354
Books,930.2494430595661,46,189,0.030961165478453352
Electronics,736.5147708820588,46,182,0.0860796978119854
Electronics,237.2851386228352,55,200,0.07544465287661246
Food,618.6595241501318,61,188,0.09826850569499665
Clothing,646.0435417445703,54,211,0.024012333798033966
Clothing,481.7176041721474,60,196,0.030309812474684956
Electronics,762.7998120622506,38,227,0.029061833489335245
Books,940.9303132921134,57,212,0.08132857908592031
Clothing,933.0116616160986,59,196,0.026821656680510637
Books,505.7554342637189,52,207,0.015999384684097548
Clothing,201.91424125667973,39,203,0.09987047259270658
Books,986.3570790661012,54,200,0.012233549030063424
Food,855.0082778013407,60,197,0.08517196541429792
Books,212.19641308294015,50,211,0.04288301573955876
Food,928.7576943556351,46,196,0.08574539137820339
Food,882.9067258559154,56,186,0.059915844209003054
Books,566.9542514134649,60,223,0.09114681065377242
Food,632.1478921704363,52,216,0.09335736877731642
Electronics,459.10243348311724,52,234,0.01081883631526984
Food,149.2854749398282,44,193,0.016787095839350945
Clothing,401.6775174813108,39,199,0.032532285661376996
Books,822.5681037382103,50,189,0.07023838747271516
Electronics,104.16882070414258,66,214,0.08994449768603555
Books,400.14925452202976,55,192,0.05139477561645665
Clothing,458.351824231849,53,217,0.06462758046468389
Clothing,583.6560426441306,45,183,0.026964986751600504
Clothing,927.8700547714844,49,230,0.08244701504935169
Food,411.7113949293651,41,193,0.09705953002181229
Food,412.2578817066049,50,206,0.034173903962313776
Books,763.7511232987736,52,181,0.05453433564404917
Books,506.99614680082647,43,193,0.01775044994557364
Electronics,302.1443406459838,44,211,0.06032229908166716
Electronics,507.19556451942407,40,230,0.05525050976620126
Books,226.77131834181986,57,217,0.022999283573956985
Food,258.748287855601,50,209,0.04978595918062676
Clothing,548.5309954655318,63,207,0.040069418687790695
Books,477.03290455409314,38,219,0.05696477877746705
Electronics,923.3613109612901,40,199,0.06270889018859194
Food,426.1545092049698,50,195,0.010764602074648856
Books,622.5295152502391,50,216,0.07849053846545999
Books,669.0378591275773,45,186,0.07417128626755667
Food,111.78501092950027,48,200,0.042965774758587004
Books,697.1836348150396,61,198,0.014764234201193644
Food,260.23237018277626,52,215,0.07794392858065455
Clothing,964.9632857225097,57,179,0.09596576444303193
Food,233.79645497780166,53,207,0.03161364364198128
Food,473.16171135432137,45,194,0.039117215236333415
Food,176.81470127077947,52,210,0.026543160053363348
Books,997.1868266613526,40,196,0.061924251101035575
Books,551.9755092981184,49,207,0.02393572551827095
Food,635.8465155880394,40,190,0.042057454911524156
Books,160.36882964958474,55,229,0.07273117125408367
Electronics,774.96442335926,38,212,0.06041043847084136
Electronics,288.9150337860272,64,182,0.04478163078951418
Books,908.2488604966424,54,202,0.047822464162678775
Books,284.62567643380646,52,195,0.06058997943609066
Food,271.6189485972999,53,193,0.010527825509844518
Clothing,132.8947010632854,52,198,0.01706588816082489
Books,524.8602505989993,55,200,0.08931322609867105
Electronics,608.3570199363547,61,189,0.01700910901821617
Food,159.13777548551712,51,207,0.07361232365894547
Books,797.9748550255096,46,196,0.09280343476981474
Electronics,507.9599512732249,52,213,0.034361524387155805
Electronics,571.9512423948221,40,215,0.04334422933535629
Clothing,496.6864722444053,47,197,0.06120292652602447
Food,460.6867547877934,53,189,0.08935380726747263
Food,603.6762981773961,54,200,0.09477150285343783
Clothing,239.71622133764126,54,197,0.07656069233001413
Clothing,263.735317445744,46,193,0.017795778476922465
Food,875.6070589121656,49,187,0.07022387399813658
Food,951.5039159202695,57,187,0.04692733496853959
Books,435.9783846517777,62,223,0.05236308995419555
Books,343.6702058291984,46,210,0.014423355131065935
Clothing,679.5995889151142,47,181,0.02719559254117224
Books,467.8607539882868,54,197,0.0811462246780283
Electronics,122.84772009431038,47,200,0.05085629497430739
Books,240.5373376295713,48,195,0.0371496017468034
Books,744.3750059626577,60,209,0.04456171665684624
Electronics,693.0315477191363,42,188,0.08689595619931123
Clothing,124.38639325313514,53,186,0.07740991156644612
Electronics,299.77494573965447,47,195,0.03450838574629745
Books,307.96731692926426,48,193,0.0205751656191136
Clothing,704.7034692388555,54,207,0.03267983994796646
Books,117.73948397892774,47,211,0.09286808059492604
Electronics,193.69772378611646,54,217,0.06234299540647799
Electronics,819.9244768358705,50,209,0.05801321878703046
Books,260.69019584890026,48,188,0.06367542397232154
Food,687.4714970666872,42,193,0.042942543917186375
Food,314.3645029420539,56,189,0.08263963182875615
Electronics,189.49725348341065,45,173,0.05709576243702249
Electronics,318.85497189950866,46,202,0.0205073112491916
Food,750.0402386700932,52,197,0.021615861234615667
Food,870.1268212956571,68,200,0.05831732318523566
Books,847.1978781102924,48,171,0.09429131962637553
Books,457.46517665660934,51,191,0.03775169095085789
Food,701.2766229135816,51,184,0.08825870519732966
Books,284.48586587423887,49,181,0.07876860279209914
Books,363.83295723491193,45,181,0.03230311986162162
Clothing,906.7022366690078,35,223,0.013270667348461822
Books,111.70173115966243,51,215,0.019166253862814446
Electronics,176.95767776902127,52,189,0.07556445404626963
Books,287.0976296314246,49,184,0.027970276423658205
Books,123.87898348643775,50,223,0.04341438284548545
Food,263.2918915808176,53,220,0.05515292494057824
Electronics,624.737404872723,52,191,0.07529213516051467
Books,479.28209553324814,48,195,0.020190810093321285
Books,903.4045399692774,49,202,0.046572976474971536
Clothing,835.6992055645968,61,208,0.05365656182284259
Books,407.63561652808835,51,192,0.058674435757438574
Books,333.4810900881632,41,213,0.0836524577255695
Clothing,441.7231673505402,40,206,0.025451037553889524
Food,631.265448263327,45,202,0.08270483066439602
Books,341.2572767405886,65,195,0.0723590584926987
Clothing,661.7340170642207,50,163,0.06002837327790635
Electronics,468.47048697211636,52,194,0.07295750833623148
Food,596.8424627667822,45,185,0.04708159650564908
Electronics,492.51387622178504,56,231,0.022455782737131214
Electronics,365.0191835877259,50,212,0.06991887162388306
Clothing,953.607976265941,52,212,0.05722050760170601
Books,787.2452147437847,58,205,0.06754373204884981
Clothing,226.1018581898073,51,224,0.040419890292564105
Clothing,881.6211783081216,43,205,0.09161799196058525
Clothing,538.6880784245623,59,173,0.06286328817180194
Clothing,905.0970042046823,49,192,0.017686223586178645
Food,819.8697303525837,54,194,0.050482359163398584
Books,482.6921540223101,54,204,0.0780720449269271
Electronics,120.22237748810566,46,195,0.08147211055590452
Electronics,341.8096234464515,57,186,0.054513734748738295
Books,587.4707931947802,54,191,0.09052728137481711
Electronics,670.1303978435326,45,204,0.034090159347486784
Books,332.09891688988205,55,194,0.046953882751444
Electronics,225.4204666655417,55,187,0.09087372195120731
Clothing,851.4372131193692,56,214,0.09066310448244211
Electronics,985.9619626331969,53,180,0.07171414919422128
Books,573.1211640724173,58,193,0.08730824924099982
Books,254.51135726347314,38,192,0.017989594026060943
Books,345.07659386743205,38,204,0.08784954785869988
Books,116.55160889272005,48,195,0.03885579158952041
Books,922.8689259044492,47,183,0.02604983611853947
Food,205.975974601127,50,177,0.03154328527078417
Food,618.8648279628283,37,181,0.04761716572124984
Electronics,346.6496986184854,57,225,0.03260728041440205
Books,598.7602022642141,34,240,0.03885108274148492
Electronics,686.2783495166778,48,210,0.022148063746447788
Books,846.7676233364815,44,220,0.03665590890030987
Books,285.7791445845429,48,201,0.06150554330878011
Food,109.89624579263243,46,193,0.04976683372819576
Food,223.19706706192653,44,211,0.04120468851123201
Clothing,910.0167776632945,47,204,0.07718069159714026
Food,886.5010698062637,50,168,0.09041589742539861
Clothing,637.6717919532774,52,199,0.07811103006121574
Clothing,640.465174390288,37,197,0.03988006319059113
Clothing,698.5330070916299,44,237,0.07699979510537984
Clothing,257.83415076110464,57,199,0.02367821642266461
Clothing,922.9707513324638,51,223,0.021728618928216183
Electronics,476.8934724028658,41,211,0.04110643333325431
Food,444.8246754245477,45,193,0.08269321321396514
Clothing,567.0259347545538,45,217,0.03217134225180717
Books,142.26937009754954,53,205,0.015692806800881164
Food,249.65503188047145,55,214,0.02185385816857196
Food,764.2302547837334,34,196,0.08728704716766222
Clothing,174.51880113261382,54,196,0.06704049562725589
Electronics,642.8368985197494,58,198,0.032788104703297904
Clothing,320.81419871318883,44,194,0.059976624279536324
Electronics,450.36605263777886,46,186,0.057482166018281544
Books,359.82436309362987,47,202,0.06898923805965952
Food,420.1054448184542,58,191,0.03098687989794547
Books,747.1413146658209,49,199,0.0877962688474958
Electronics,367.4095440608575,38,235,0.03784317058720116
Electronics,609.7641762672075,50,199,0.07247184885786133
Books,528.4453619791897,53,201,0.01145121817349934
Electronics,697.3040488263833,55,189,0.04353914169047326
Books,943.1467653922822,66,181,0.04165388361629275
Food,759.3148874892253,46,207,0.05891359857247131
Books,293.44634073168106,56,202,0.016546263559947687
Food,128.06482155515621,34,210,0.08111182363534976
Books,336.03763986984256,67,210,0.02960027215908117
Electronics,635.5701376302294,49,193,0.07093340333938093
Books,146.2832321358253,43,181,0.0822890910919684
Electronics,546.7296224811128,47,214,0.06056892606173619
Books,637.1585640252002,56,196,0.0766794886049787
Books,400.81950173526474,57,217,0.0695674280993505
Clothing,793.8209833712398,43,218,0.04199768174368069
Electronics,195.93842782039462,49,212,0.08279726851302088
Clothing,167.6240035622279,44,185,0.03652312328969752
Electronics,755.369880583243,52,184,0.061409162597636555
Clothing,545.9421845855786,41,201,0.07708579652273856
Food,719.5621567849624,55,186,0.04410603188312569
Books,491.34460474337163,53,164,0.03724908468556826
Electronics,321.76182991519613,55,202,0.05134114091555405
Electronics,837.1920859067798,60,207,0.08361671449142383
Books,819.4742910720813,47,233,0.09369295868310984
Electronics,725.2268237689841,40,226,0.05905750715739012
Electronics,344.9306235069664,45,189,0.06953195847912867
Clothing,631.2076001821783,46,210,0.09129462600150229
Electronics,424.8765072460241,40,192,0.018869216627164818
Food,182.42386599397074,50,203,0.030887072007954857
Food,925.5822179160185,51,184,0.07380100056264242
Books,223.13676782706526,54,211,0.08413700157210698
Electronics,955.2136184387222,56,186,0.08713261254975202
Books,501.40519566216017,40,205,0.047359645916943936
Food,266.61963595475765,56,200,0.018040591206268015
Electronics,587.7108526405224,40,193,0.049400332956965796
Electronics,885.6512522887674,56,186,0.030766113118634843
Books,759.0023977686051,47,186,0.036207680949696175
Food,825.9050330753048,58,197,0.07950408011537553
Electronics,692.9050300396456,61,197,0.016797437742329818
Books,723.0489080660673,56,202,0.0844823095732632
Food,864.2760864087874,48,200,0.04849021772417522
Books,324.70120797326734,36,210,0.06364575379905356
Clothing,540.4824672788264,44,199,0.018068700811211112
Electronics,299.088497637642,55,224,0.04036231705215517
Clothing,988.9012071969823,69,202,0.018073082711336123
Food,949.653405717952,47,199,0.09653893505929988
Clothing,135.4841302316553,43,205,0.08265354843936255
Clothing,735.0176552641196,52,199,0.051366947892081426
Food,932.7234856740993,52,175,0.0301242293491304
Books,262.5178106146002,57,216,0.09401095947248671
Clothing,611.1507074973665,48,186,0.04101369361542746
Books,923.9394678292376,45,212,0.02448859885186373
Clothing,130.55138072721897,62,203,0.060684794960855944
Books,727.6782405221559,49,161,0.09493967083103345
Food,367.6141066352957,54,216,0.010344726145029032
Clothing,931.9565758388774,41,166,0.03143123589285989
Food,973.952420648831,53,216,0.0944602876369367
Clothing,949.8398402020905,51,197,0.025397737017144584
Food,526.7927949917174,50,198,0.02019191064758379
Food,875.8383858903821,37,203,0.06131684942198241
Clothing,860.0944586815633,57,192,0.0875659440965347
Clothing,387.1904259189301,51,194,0.05293988359245336
Clothing,846.0239267356096,33,204,0.09951078310160724
Electronics,133.30687124394336,49,191,0.07112545295841936
Books,636.6428906338477,59,198,0.016666741648940296
Electronics,307.00795355893274,68,211,0.09935489185137779
Electronics,208.51019719955093,51,192,0.04671048131021714
Food,169.25788146628824,49,170,0.035866228046093435
Clothing,726.6598982903258,37,223,0.06020912652200971
Books,405.8874673912595,56,202,0.03738768326387779
Food,752.2900943758854,49,193,0.01778117564081371
Electronics,158.82070671904813,44,202,0.010128550877125905
Clothing,383.7613040475493,53,178,0.05046250176282361
Food,585.5421631378035,51,239,0.08531770800039332
Clothing,811.6508483550672,50,204,0.061508366706706896
Food,386.8772526388629,63,203,0.0999286569049097
Clothing,663.3022387933082,53,203,0.035816198108248
Electronics,897.3799734125685,46,196,0.03524095582840498
Books,654.2768693640741,55,206,0.02437745142105498
Electronics,309.6635272782704,48,205,0.02476572294388017
Books,121.96070340088421,50,192,0.035666793640904304
Clothing,883.0889865108369,40,223,0.08135560407461745
Food,119.14246976534842,48,207,0.09151811115728031
Electronics,887.2315054157795,56,185,0.09775784527369133
Books,576.0434206244908,48,199,0.03090606886868074
Electronics,945.1609286616066,52,205,0.08931677910526827
Books,818.9049121962988,56,193,0.039542958034960336
Electronics,998.1406994800037,51,187,0.0201556490065196
Books,415.64063390653916,53,187,0.08830224329681492
Books,790.4694600380142,39,197,0.06724950711792568
Clothing,461.73782224831797,44,198,0.024825780647295556
Books,531.8880582735179,31,220,0.04868481317617023
Clothing,664.7549168965331,59,201,0.03585319253893609
Books,886.3094027677049,66,195,0.07631151118391774
Food,985.6751222793656,49,207,0.05080746075618413
Food,791.4460724780664,50,228,0.09903519505957466
Food,475.99010395060037,45,193,0.014927048403363561
Books,479.22130204936315,60,187,0.04195137395226221
Clothing,763.8240714300024,56,210,0.053371015039897975
Clothing,314.8994311914721,50,195,0.05528201992734878
Books,199.4267018182552,52,206,0.038434224014707315
Food,419.1599418766989,46,214,0.07563162241878113
Food,358.51509248867353,43,218,0.08872723661400773
Clothing,366.6773084103911,50,231,0.09448473717800768
Food,310.246975944919,46,193,0.08245840391195737
Electronics,137.8838706727257,56,196,0.08655221775759396
Clothing,116.08654126007242,51,198,0.0595490770557996
Food,988.9501507624284,48,188,0.08432994037841332
Clothing,484.9958203622761,41,191,0.037315351823315704
Electronics,445.8939824437135,50,184,0.0458630885898293
Clothing,711.6825544237629,46,196,0.03852217124366899
Clothing,296.42849907855776,44,203,0.0520648601903133
Clothing,954.9650655552028,44,183,0.035702165461477274
Clothing,807.7105129739969,55,207,0.09654502980290022
Electronics,180.46990208103355,48,208,0.038156016520510136
Books,475.8226982064355,46,200,0.018824008429984586
Clothing,891.2064768059482,57,208,0.05741354494453721
Clothing,950.2588200622693,47,200,0.015138917060065874
Food,520.6613601248828,56,209,0.019948884967772248
Clothing,652.070250289637,52,213,0.02974504502766217
Food,250.3305514828677,38,198,0.051791522489392755
Books,992.0517635232789,54,195,0.04899258390781251
Electronics,308.50453124509903,56,208,0.08197226758025121
Electronics,948.458596721613,66,218,0.07655271884957021
Books,684.6819840931316,45,173,0.048368646459163125
Electronics,646.9631153909733,46,197,0.040033378681806696
Books,561.4196599148577,56,187,0.038482190565534875
Books,307.60283054598284,50,202,0.07965955785646082
Books,258.87522880495743,47,191,0.014686516559914277
Electronics,298.43758816315784,58,217,0.011153948455954524
Food,267.7944359298291,55,186,0.08159899527339834
Books,801.626026210078,62,191,0.052943173839014444
Clothing,415.1127332500571,45,199,0.021779302469821838
Electronics,152.05840890705673,43,184,0.031200934113505115
Books,972.1923671267302,59,229,0.09392535577876444
Books,895.4072964670831,55,185,0.08735526780624082
Clothing,934.9770548756917,65,198,0.07388065452015753
Food,995.4170403817917,47,178,0.0534002707303594
Food,256.50572429753856,56,191,0.05682912635722472
Food,456.6178170123929,48,163,0.09777200817555629
Books,782.4146281336822,58,212,0.09691933994958585
Books,726.418556248413,49,199,0.02937421412072509
Books,238.50631570586955,54,197,0.08299941096747863
Electronics,834.249812491556,34,213,0.027751839955031513
Clothing,301.9965146529946,42,211,0.029218373009555626
Books,301.4358533403608,51,197,0.07084837307481191
Clothing,583.2769806040723,41,199,0.04645009887287936
Clothing,633.6459413575328,42,220,0.09383899663958682
Food,622.07758705403,45,193,0.018010876140640796
Electronics,182.33815365797938,54,200,0.05603730767285438
Books,889.7147763673423,44,183,0.09266693773988093
Food,339.04003832983545,51,191,0.09137022944315547
Food,216.56342915452376,61,170,0.02408762920741671
Books,899.8732718820795,54,176,0.042997393008681085
Clothing,960.086348406778,51,197,0.06572092600420266
Food,875.9148555389056,46,189,0.024345539629426198
Clothing,828.5644672523903,52,177,0.0971219954841165
Electronics,689.7177825751196,55,193,0.09232743958548945
Clothing,595.7716335482254,37,223,0.025025516113102227
Electronics,178.28808392026912,45,177,0.02090399151348869
Clothing,467.60789176362886,54,198,0.01768676345274388
Food,435.41966531108255,35,191,0.09184992976329681
Food,333.7784053842936,65,201,0.027426142881591474
Electronics,751.0781023197264,54,217,0.04746564356899193
Books,546.2881615708937,43,204,0.05039662290868028
Electronics,172.94159431688314,55,202,0.06391099397922109
Electronics,298.1648817548302,45,205,0.016456180937268246
Clothing,714.9328872936363,49,212,0.030408275566046437
Clothing,168.51777354127017,37,195,0.09383413482270335
Electronics,866.0862226438918,40,197,0.09175690965417127
Food,545.6318743125769,55,199,0.08031615826651231
Clothing,532.5279195939833,48,203,0.011746112105639389
Books,633.1670061935658,48,214,0.039430609164649195
Clothing,842.2128693326342,43,188,0.06651628618086171
Clothing,413.0282871119737,45,190,0.034767119059612814
Books,710.2145373031572,52,206,0.09186280255483997
Electronics,609.158767596212,46,198,0.06705005156491978
Books,340.3254431524792,52,203,0.016471604558480107
Electronics,890.7669877196422,53,182,0.09181050299521329
Electronics,817.6834194462353,44,218,0.09619899923586003
Electronics,692.606651192583,54,209,0.016994117655255294
Books,865.5235561848177,46,177,0.05791242113751835
Electronics,880.5647808638221,52,196,0.03730278539927534
Food,737.5266790435313,65,235,0.045355516883326216
Books,853.3119955273048,43,194,0.026168609615980772
Food,727.7243155023552,54,192,0.06202648918111713
Electronics,712.1266945842704,48,208,0.09621814179240017
Clothing,656.7502403936659,52,210,0.05527653402444482
Electronics,777.4449756018771,49,168,0.017462312325503306
Food,242.74459476376634,48,194,0.06580012001296676
Food,892.7836832790356,43,200,0.040620069500613136
Books,884.6591749707088,39,186,0.08703326706321682
Clothing,126.32255473110322,62,198,0.04912103334848233
Books,843.2350755082864,45,208,0.027355564804802106
Food,215.9828807261007,55,204,0.02719950604220305
Electronics,401.6069688332277,52,207,0.07918877626490445
Clothing,769.157430662447,53,204,0.03390288384766239
Electronics,244.68390644347738,55,187,0.07905100547433008
Electronics,836.170321707156,43,198,0.028529857968993946
Clothing,848.9207601619677,55,174,0.03895177318311785
Books,556.7209603847526,44,194,0.05189382751957295
Electronics,105.74728454515022,45,202,0.09488762647241057
Food,358.3343198574215,36,191,0.09385582822784423
Electronics,655.234226538168,55,187,0.028618468788005905
Clothing,983.0675602246811,54,209,0.042239713711876556
Clothing,668.6321743150015,63,194,0.023445944960839512
Clothing,333.82322295774384,43,214,0.05589865713821475
Books,670.6051327896503,55,173,0.05145242956252
Electronics,585.9868417442699,50,190,0.09106841462056593
Books,801.8608556360292,47,212,0.09370048400119654
Books,196.28257494426256,52,216,0.044521065190656295
Clothing,784.9251122518252,45,208,0.054256414871709055
Clothing,587.1399208084993,60,172,0.09066126242315199
Books,966.6928034730952,56,193,0.08260370269705554
Electronics,407.6849494348175,53,212,0.010329068021018436
Food,669.3597038205534,54,214,0.03880536077652243
Books,938.8252949590158,49,198,0.047959681774251334
Electronics,192.25875519161133,64,188,0.030674465531490856
Clothing,943.5056385128061,58,204,0.02796144543063449
Clothing,719.097150070732,49,184,0.01340060559361117
Electronics,161.0533531946547,46,203,0.06790327525627846
Food,370.8672102521346,35,199,0.03362592614348491
Clothing,737.3548797807534,63,203,0.014711246058818178
Clothing,160.61554132189454,56,203,0.03078813794752573
Clothing,623.953414158646,53,201,0.0821722557552514
Electronics,411.29475125766106,42,188,0.0866340263481892
Books,658.8239659907294,37,192,0.05347596206739724
Clothing,141.16783043126156,53,200,0.04744636033678176
Books,884.3831255371387,57,189,0.09800683241516037
Food,976.1400722596572,40,182,0.028050819362926294
Clothing,971.9900697571223,46,218,0.029382335456914765
Clothing,774.6866485686322,50,179,0.03626804593327598
Food,217.07761611756877,47,214,0.02554815864529786
Clothing,782.4368763361203,46,180,0.044142903838376796
Books,122.12822481292136,66,216,0.09197508042907786
Electronics,119.91119637609754,47,206,0.06538130565657169
Books,391.24919723458714,64,201,0.047075189375103736
Electronics,539.7788713641992,39,206,0.09409697151140935
Electronics,793.3666760270139,51,197,0.01436178092282401
Books,714.9658389458547,43,202,0.028924856011167527
Books,501.3124357390735,54,208,0.06092997445915831
Books,346.2639996534993,59,184,0.06539973608738613
Books,997.4120501419401,49,183,0.013560175590635184
Food,483.5631720123757,42,201,0.0462734882116419
Clothing,506.2483218967079,42,179,0.06842385683477856
Electronics,247.26143907250227,44,218,0.07282634917630615
Books,815.3285938749365,42,205,0.06743259122646424
Books,724.3140032033398,55,180,0.03885069019248321
Books,298.69265150988434,50,189,0.01841681112381186
Food,174.14294105425842,38,190,0.048440120177740076
Books,712.4493718672418,44,229,0.021587899363124993
Books,689.0600928530217,39,216,0.09528612926686005
Books,345.9335742983884,50,180,0.05276537794203655
Clothing,955.7772060253693,44,190,0.038553325692118084
Food,235.9521026028102,48,190,0.07896736640070101
Books,489.1013209383417,52,226,0.05481537333240375
Electronics,949.254328150839,48,208,0.03790306216112051
Electronics,477.75458523351006,51,251,0.08307709681517217
Electronics,674.673352897677,54,215,0.08804369359010099
Food,457.83495816651487,50,206,0.07057073496598093
Food,346.793682113803,59,223,0.014226798016690058
Electronics,985.5798831638454,51,163,0.060969059214987895
Books,468.40060568353874,52,215,0.07869654207975535
Food,904.689283311221,46,198,0.022285271087522398
Electronics,306.95914530197757,54,197,0.030580367624614305
Electronics,291.79423362257495,48,226,0.08942455945613229
Books,128.02067459606022,43,192,0.011810954966776664
Clothing,686.5001428382966,48,194,0.07774544240433785
Food,431.673709351385,57,194,0.05263959632629807
Books,877.9224248556734,49,207,0.05020949429556462
Electronics,525.8889160224014,53,190,0.010638687924539847
Electronics,971.3740851232495,44,181,0.08374584078698435
Books,266.972964132809,55,218,0.04238424105729099
Food,881.7608511600497,58,198,0.058668906817048866
Clothing,798.9371675125676,46,175,0.07095706177020936
Clothing,793.8296601796468,49,215,0.07323666187941243
Electronics,860.3049053051989,49,197,0.09603820529434652
Food,784.921591848699,48,219,0.057820595791294824
Clothing,663.5982894682738,61,202,0.045974759587698484
Food,218.1203899141488,37,179,0.09583332638425372
Food,129.2735615421267,48,215,0.06778992115229691
Electronics,928.7630630341182,71,197,0.03683353206489001
Clothing,654.9852830686642,53,202,0.021381782086321407
Books,816.8835618785587,47,211,0.08582990513186632
Electronics,533.3701163612951,51,186,0.04259634425147365
Clothing,205.57737006615503,44,185,0.06944227492279881
Clothing,212.66721298229538,47,204,0.052373477742930837
Clothing,717.0087585060742,47,203,0.027903680181553453
Clothing,487.2753054095164,55,193,0.06415179477584186
Clothing,280.472254030303,54,204,0.01546147620556141
Food,542.4350920672932,44,205,0.0472008213884073
Electronics,157.78804336762067,50,210,0.0591953445697304
Food,623.774261722959,57,187,0.049244227670672124
Books,342.0940639915879,51,181,0.07738049577258918
Clothing,817.8031905734694,56,207,0.08451324590907813
Electronics,379.3257630312164,56,185,0.07941187666298603
Clothing,509.6981341736211,57,214,0.013493165303062191
Electronics,110.45848591729057,41,205,0.027471589340137503
Food,165.202199015103,52,209,0.05829467583373969
Electronics,453.2442007660163,42,170,0.09413398363994212
Books,531.9449512454112,60,217,0.08514610975469053
Books,640.0184933073733,61,206,0.08582810575166216
Electronics,362.4963208383729,52,235,0.037288737438370745
Electronics,725.4836975138883,60,203,0.04865031073708324
Electronics,874.1101574702841,53,209,0.052363535258434374
Electronics,801.8658900040148,49,188,0.02416344250149194
Books,135.65694281352143,45,223,0.012796131722001069
Clothing,532.456252532046,46,183,0.09522126095144653
Electronics,194.43716057635737,43,200,0.03166413270971561
Electronics,317.84051427627475,61,183,0.031595401335126824
Books,987.9963339404318,43,188,0.01750411483918836
Books,228.2459886113619,54,208,0.09356569767494008
Food,548.9993381062204,57,211,0.06217634034457949
Electronics,656.3401608863072,57,198,0.07003331714128186
Food,732.2184734896936,54,191,0.09204191985367474
Books,603.6838151382227,64,203,0.04110581520107106
Books,108.79376267726529,46,224,0.06593565800242758
Clothing,393.8151774195927,43,221,0.013491950925599872
Electronics,565.9404790462403,44,206,0.026809527540801643
Food,179.07984923035002,45,198,0.08481212245809483
Books,415.5642380882627,57,207,0.07900915207045023
Books,129.8827979122299,56,186,0.04155784223114322
Food,170.72064743951867,38,178,0.04391295649967913
Clothing,457.23094858143645,47,179,0.05801989901982216
Books,219.44417863875432,44,213,0.01002169042166211
Electronics,610.7867634354023,46,182,0.031711990243422514
Books,720.5184722235392,60,186,0.028740862774739303
Electronics,820.5280291981746,44,215,0.032543465207478715
Food,280.1352198203291,37,206,0.08253152582800972
Electronics,250.73432403316278,55,207,0.035170647089179885
Food,194.11105630096023,44,205,0.027236918984513338
Electronics,672.787224589273,48,220,0.055383711471372846
Food,735.828153838211,56,184,0.08790805327354588
Electronics,128.42753034307782,46,189,0.03172147334537499
Clothing,942.5910216193208,44,179,0.017068261851351883
Electronics,146.77415528632517,56,223,0.04207642622646983
Electronics,587.1667017709634,56,205,0.07728866421084801
Clothing,738.1544675058248,58,197,0.05956214902253152
Books,883.8722113714771,51,229,0.08351140326169128
Books,742.678238919185,59,219,0.09636329328483106
Electronics,821.5552747628126,56,189,0.08133962290764554
Clothing,405.50517328852544,54,190,0.06434227709593782
Electronics,833.3426023718611,44,205,0.05440074292471425
Food,172.10336174620764,47,189,0.013606217771344001
Food,905.3349904544749,57,205,0.09858897809326372
Electronics,592.8331385383626,52,215,0.044513301031753834
Books,835.5679929662443,49,206,0.023700539252518013
Books,507.08645606647013,54,204,0.07000379698568111
Electronics,679.2199256768724,64,190,0.035585946018591344
Electronics,573.7623948425019,50,190,0.06272004438379429
Food,758.4305695797987,54,200,0.06280911170601322
Books,173.4669838275306,45,239,0.05011568388125823
Electronics,154.31687559150743,53,191,0.08525067539905384
Food,322.3929106091318,42,190,0.03384703553998988
Books,243.5902121018695,49,195,0.05037693324559608
Clothing,884.6052099329816,58,205,0.05839229157318744
Food,297.29258862223986,52,215,0.06972622486905697
Books,978.2787302372182,58,174,0.08055746654550307
Books,403.20621259399616,68,181,0.04553265545904305
Food,263.90612411982937,50,226,0.06814422496869364
Clothing,810.7286564282313,42,216,0.02355498577616672
Food,692.8369979507885,45,209,0.09393832904882309
Books,548.3761448078251,52,185,0.044475292577890325
Electronics,599.8271958438681,47,206,0.07565692797787947
Electronics,747.2816004450375,38,194,0.011830697369395989
Food,305.6092671981689,53,214,0.028466842861432633
Books,996.7005244510677,43,213,0.05383742898912203
Electronics,977.3138459321049,45,220,0.0890427220959112
Books,685.2931177122432,61,204,0.05745296349556095
Food,279.5882058362306,58,197,0.09368834340644912
Electronics,712.2054181881622,46,178,0.05354172069245167
Books,164.97856808125826,38,219,0.0541404187062355
Electronics,127.58725198522546,37,187,0.020777210965047872
Food,331.91459966009234,44,192,0.08223906197369979
Books,516.3606610653846,45,217,0.03222688712203563
Electronics,881.4452548675424,42,196,0.09096512404350837
Food,754.4521627896772,45,183,0.09197417982973566
Electronics,768.4358690799829,46,198,0.09489791006867349
Electronics,482.94400100326783,44,209,0.056820744019278106
Clothing,411.34149329226665,45,210,0.070938440630528
Clothing,433.9348866861424,54,214,0.08006642920554972
Food,988.884607362452,43,187,0.021791315678541905
Clothing,136.09827227123424,41,205,0.06408614754977476
Food,880.3283465102037,59,196,0.013086811117298052
Clothing,620.8078677151541,38,218,0.054780947504985335
Electronics,494.7538772706314,46,198,0.02393584134582047
Food,752.7318943736228,57,187,0.026463063336587624
Food,538.0020472822325,52,199,0.04285428100233414
Electronics,886.0809142734945,41,203,0.048919345004485276
Food,910.6316776101327,45,214,0.06608551820789686
Food,479.5488341861099,38,209,0.01669855765946641
Clothing,349.1450175115464,46,200,0.055332258511370025
Food,633.1152957340261,35,198,0.026436261722779103
Books,921.1270110550219,49,223,0.06165776575285677
Electronics,289.5959701050999,51,233,0.06736641510350652
Clothing,660.6699252071345,46,205,0.06010383308975685
Clothing,668.4041980832685,60,181,0.0764465959430477
Books,759.8017201737529,43,178,0.04020483198168112
Electronics,218.41091661453382,55,198,0.07885959324698179
Electronics,744.2424682138798,50,188,0.048949037353737436
Clothing,918.1292685990769,47,196,0.05357660484903372
Food,261.71479798321775,48,209,0.06832919145349643
Clothing,313.7889924314899,49,201,0.011652254559930157
Electronics,974.2555846374756,40,191,0.06885947992782236
Books,262.8792574385408,66,180,0.06567266341649039
Clothing,868.9465840326212,51,185,0.037886240507795196
Electronics,543.0500708032313,50,189,0.017721485640954056
Clothing,322.5079669628593,44,212,0.018184190492173704
Food,883.6749111452602,47,205,0.09309013722867059
Clothing,500.77472950239894,41,175,0.07203513891032536
Clothing,563.3356185367212,43,195,0.021439235239366635
Electronics,423.3100324597891,44,208,0.04210508523780158
Electronics,633.6557662914347,58,188,0.06332346945114369
Electronics,247.1714853265205,51,196,0.0852014534581584
Clothing,451.9733829865846,47,240,0.013929483584170768
Food,972.4710901017588,47,193,0.0312969818323008
Books,332.32008943101476,51,208,0.09007740912658421
Books,691.062998087163,57,183,0.010824899516543484
Electronics,392.6710578022254,54,213,0.028125919251449867
Electronics,796.1258131179405,44,192,0.09631217583756695
Clothing,217.78629464651485,44,212,0.0652061661869954
Books,972.8389405706903,57,196,0.03355042299737558
Electronics,508.41058724527534,55,196,0.016029198495626285
Food,312.44541701181754,49,199,0.012537220640249995
Food,166.1470725970114,39,222,0.03202705716732346
Electronics,252.78211457878666,62,228,0.08933372376300196
Electronics,567.7965537004159,45,213,0.04743222888677586
Books,403.30285878815766,49,214,0.07483000322493938
Books,845.9950292943486,56,168,0.09264565318419621
Clothing,487.79877129562533,50,201,0.0467236415442535
Books,323.84284532886693,56,206,0.027214963393365738
Food,655.4304879436271,58,237,0.05654061377712276
Food,736.0994951969012,47,183,0.09172753183538691
Electronics,250.33771711085487,52,203,0.08239369727239307
Books,250.8572946594859,50,207,0.015924685902683842
Clothing,133.00428424018867,34,198,0.07233155200698237
Food,762.7618135590765,51,174,0.06147077702130584
Food,697.4240748596246,58,200,0.0916716858711783
Clothing,527.1677881748325,44,199,0.021023327516526753
Clothing,859.7534040722774,55,206,0.058063250188419104
Food,825.1031376550478,52,219,0.08915164241607032
Food,626.8189279570769,42,201,0.04690214080675687
Clothing,881.4441524619327,57,205,0.05337954259595804
Food,285.2570890330914,55,214,0.016341460990026247
Electronics,200.72765745795508,56,198,0.03503292764040198
Electronics,342.77465036529065,54,182,0.03920559842520526
Clothing,151.37817048038337,63,202,0.09506102038703984
Books,578.0525752009288,36,197,0.03544006244870432
Clothing,942.9451230654654,58,217,0.051478186174268685
Clothing,135.4091866016587,56,177,0.0704173981207852
Books,209.8989226090241,47,219,0.024596503516708966
Books,506.9791254550918,63,209,0.05377981484276871
Books,940.4875157751144,52,205,0.07646851355283169
Electronics,384.54049447907545,46,213,0.08801696917243595
Food,556.5113278195532,55,206,0.06636333471961842
Electronics,137.41557314535288,54,209,0.07021481637852532
Food,233.50888086587997,47,181,0.02136551253261121
Electronics,987.9671106629622,49,204,0.09511988475217126
Food,968.606826792441,47,197,0.021931666973603412
Electronics,104.44598284096865,64,208,0.07972056434636185
Books,956.630606880915,47,179,0.0338334689600487
Clothing,675.2079440339503,36,200,0.09402338293311265
Electronics,881.1264650680199,42,201,0.07479635854325317
Food,509.26587007047317,49,217,0.07784323416805322
Books,564.0364257213253,44,199,0.0297153255753895
Electronics,539.9619222312282,53,217,0.04987359789716448
Electronics,700.1778317914939,56,196,0.06560318751303579
Books,225.68612928068163,61,200,0.07929762563859409
Electronics,126.97623088541016,56,188,0.019356343832115062
Clothing,377.13694743207185,53,199,0.09661287848090756
Electronics,734.212686462982,48,179,0.09011986034991006
Clothing,281.66810691065353,60,232,0.03433137314460259
Clothing,706.0891899924255,46,184,0.08404842187290988
Books,972.9208414965434,45,192,0.05664915307358412
Electronics,184.51064421047656,43,193,0.05156258334058168
Books,705.3419064026136,48,202,0.03829906952302649
Electronics,499.375197374114,40,198,0.06228717279684333
Electronics,881.3280289397549,51,195,0.0756900205933238
Food,259.43481050264734,50,189,0.046983961446648244
Electronics,723.3633570035481,52,211,0.0666297273707463
Books,854.3037606832992,42,209,0.07293816290397734
Clothing,950.1527975266209,51,197,0.07400096353137574
Electronics,714.9232254606812,47,193,0.014676948831806223
Food,547.4572876075846,53,187,0.08737730251165603
Books,656.0625161810924,57,186,0.05124279832885432
Electronics,882.0144860308465,53,194,0.033617447352659306
Books,613.5487719749467,48,192,0.031758805673171346
Food,127.34835372715317,57,181,0.05347127015595555
Food,937.85382595628,52,200,0.08981483855220634
Books,720.574075928405,43,225,0.04405128235143823
Electronics,708.8620471995218,52,190,0.07747531721051891
Clothing,294.1076371579455,51,190,0.018713685788849677
Food,692.9969232093915,42,169,0.05284510319359557
Electronics,454.4779650887426,46,214,0.09925175263534622
Electronics,686.1096793373429,49,200,0.07933940225131034
Clothing,195.93372727719165,34,183,0.028947563959655174
Food,692.0607741427324,54,195,0.05512973263281197
Food,999.4723531935999,44,202,0.03102622872837099
Electronics,143.39083497450042,44,196,0.04686048345362584
Electronics,979.4567657991855,47,206,0.08020756213614684
Clothing,466.2171646505835,57,199,0.07941023337613634
Clothing,883.6781053035332,47,179,0.030529034011214665
Food,804.1469356524461,57,213,0.09300009863393742
Books,610.314634888001,43,200,0.06333113644883442
Food,764.6042883261939,49,205,0.04419318618658131
Electronics,890.6640051712131,58,203,0.055174202270277466
Food,463.72628948592967,47,168,0.06445641280939694
Books,394.32984540691484,58,186,0.060390147866120694
Clothing,700.8340470072262,49,210,0.053776453198256045
Books,827.0613477471327,63,182,0.055443952368046015
Books,786.0566212989542,63,183,0.025877071938509758
Books,818.032283972771,51,189,0.08314596138742116
Clothing,492.0249833316397,49,189,0.05875842879469139
Books,836.0507945575195,42,196,0.02179718755342328
Books,208.18814983354758,55,170,0.07895413914245002
Books,590.0401881647646,48,169,0.09391995805396158
Electronics,105.18279444830941,52,200,0.0952576209313266
Books,392.1272469102433,53,202,0.04321159591700555
Clothing,429.8153813842581,47,186,0.022196518620467866
Books,456.55542244832986,48,204,0.05665596639697587
Books,725.920486020876,57,213,0.020134830641429863
Clothing,449.7022911433112,47,182,0.09405886766613557
Books,503.8242603602776,39,208,0.02652216646196314
Clothing,313.7897177868947,48,208,0.03274892739560477
Books,435.9266124664061,53,189,0.046597287419647346
Clothing,304.54266453683636,48,187,0.04448480217032132
Books,165.87633139159928,42,209,0.08151966031581002
Books,643.1037340432401,51,224,0.05106851384958662
Electronics,701.3915186995147,50,189,0.02536914340030032
Electronics,657.5413114086531,67,196,0.034048890593746675
Books,517.1446394205151,62,200,0.05582020466687699
Books,441.80720216130686,53,196,0.02327085256835214
Food,877.0002846146427,56,212,0.06504901080814128
